lga,2020-06-14,2020-06-15,2020-06-16,2020-06-17,2020-06-18,2020-06-19,2020-06-20,2020-06-21,2020-06-22,2020-06-23,2020-06-24,2020-06-25,2020-06-26,2020-06-27,2020-06-28,2020-06-29,2020-06-30,2020-07-01,2020-07-02,2020-07-03,2020-07-04,2020-07-05,2020-07-06,2020-07-07,2020-07-08,2020-07-09,2020-07-10,2020-07-11,2020-07-12,2020-07-13,2020-07-14,2020-07-15,2020-07-16,2020-07-17,2020-07-18,2020-07-19,2020-07-20,2020-07-21,2020-07-22,2020-07-23,2020-07-24,2020-07-25,2020-07-26,2020-07-27,2020-07-28,2020-07-29,2020-07-30,2020-07-31,2020-08-01,2020-08-02,2020-08-03,2020-08-04,2020-08-05,2020-08-06,2020-08-07,2020-08-08,2020-08-09,2020-08-10,2020-08-11,2020-08-12,2020-08-13,2020-08-14,2020-08-15,2020-08-16,2020-08-17,2020-08-18,2020-08-19,2020-08-20,2020-08-21,2020-08-22,2020-08-23,2020-08-24,2020-08-25,2020-08-26,2020-08-27,2020-08-28,2020-08-29,2020-08-30,2020-08-31,2020-09-01,2020-09-02,2020-09-03,2020-09-04,2020-09-05,2020-09-06,2020-09-07,2020-09-08,2020-09-09,2020-09-10,2020-09-11,2020-09-12,2020-09-13,2020-09-14,2020-09-15,2020-09-16,2020-09-17,2020-09-18,2020-09-19,2020-09-20,2020-09-21,2020-09-22,2020-09-23,2020-09-24,2020-09-25,2020-09-26,2020-09-27,2020-09-28,2020-09-29,2020-09-30,2020-10-01
ALPINE,1.0,1.0,1.0,0.0,0.0,0.0,0.0,0.0,0.0,0.0,0.0,0.0,0.0,0.0,0.0,0.0,0.0,0.0,0.0,0.0,0.0,0.0,0.0,0.0,0.0,0.0,0.0,0.0,0.0,0.0,0,0,0,0,0.0,0,0,0,0,0,0,0,0,0,0,0,0,0,0.0,0,0,0,0,0,0,0,0,0,0,0,0,0,0,0,0,0,0,0,0,0,0.0,0.0,0.0,0.0,0.0,0.0,0.0,0.0,0.0,0.0,0.0,0.0,0.0,0.0,0.0,0.0,0.0,0.0,0.0,0.0,0.0,0,0,0,0,0,0,0,0,0,0,0,0,0,0,0,0,0,0,0
ARARAT,0.0,0.0,0.0,0.0,0.0,0.0,0.0,0.0,0.0,0.0,0.0,0.0,0.0,0.0,0.0,0.0,0.0,0.0,0.0,0.0,0.0,0.0,0.0,0.0,0.0,0.0,0.0,0.0,0.0,0.0,0,0,0,0,0.0,0,0,0,0,0,0,0,0,0,0,1,1,1,1.0,1,1,1,1,1,1,1,1,1,1,0,0,0,0,0,0,1,1,1,1,1,1.0,1.0,1.0,1.0,1.0,1.0,1.0,1.0,1.0,1.0,0.0,0.0,0.0,0.0,0.0,0.0,0.0,0.0,0.0,0.0,0.0,0,0,0,0,0,0,0,0,0,0,0,0,0,0,0,0,0,0,0
BALLARAT,0.0,0.0,0.0,0.0,0.0,0.0,0.0,0.0,0.0,0.0,0.0,0.0,0.0,0.0,0.0,0.0,0.0,0.0,0.0,0.0,0.0,0.0,0.0,0.0,0.0,0.0,0.0,0.0,0.0,0.0,0,0,1,5,8.0,8,9,9,10,11,11,11,11,10,10,10,10,10,11.0,11,11,12,13,16,15,18,18,17,20,22,24,25,26,27,28,24,22,18,13,4,5.0,6.0,6.0,6.0,6.0,6.0,6.0,6.0,6.0,5.0,5.0,4.0,3.0,2.0,2.0,3.0,1.0,0.0,0.0,0.0,0.0,0,0,0,0,0,0,0,0,0,0,0,0,0,0,0,0,0,0,0
BANYULE,2.0,1.0,1.0,1.0,0.0,1.0,1.0,0.0,0.0,0.0,0.0,0.0,0.0,0.0,0.0,1.0,2.0,3.0,4.0,3.0,3.0,3.0,3.0,8.0,11.0,13.0,18.0,28.0,38.0,42.0,51,63,79,107,110.0,124,122,130,145,140,139,147,153,151,144,144,144,141,146.0,143,136,133,148,148,147,140,137,137,130,127,128,129,127,122,117,116,117,56,55,59,53.0,53.0,50.0,45.0,38.0,33.0,30.0,30.0,28.0,24.0,21.0,18.0,15.0,12.0,11.0,11.0,11.0,8.0,7.0,7.0,7.0,5,4,3,7,7,7,7,7,6,7,7,6,2,2,2,2,1,1,1
BASS COAST,0.0,0.0,0.0,0.0,0.0,0.0,0.0,0.0,0.0,0.0,0.0,0.0,0.0,0.0,0.0,0.0,0.0,0.0,0.0,0.0,0.0,0.0,0.0,0.0,0.0,0.0,0.0,0.0,2.0,3.0,3,3,3,2,2.0,2,2,1,1,1,1,1,1,1,2,2,3,4,5.0,4,4,3,4,4,4,4,4,3,3,3,3,3,3,3,3,3,3,2,2,2,2.0,1.0,1.0,1.0,1.0,1.0,0.0,0.0,0.0,0.0,0.0,0.0,0.0,0.0,0.0,0.0,0.0,0.0,0.0,0.0,0.0,0,0,0,0,0,0,0,0,0,0,0,0,0,0,0,0,0,0,0
BAW BAW,0.0,0.0,0.0,0.0,0.0,0.0,0.0,0.0,0.0,0.0,0.0,0.0,0.0,0.0,0.0,0.0,0.0,0.0,0.0,0.0,0.0,0.0,0.0,0.0,0.0,0.0,1.0,2.0,3.0,3.0,3,3,3,3,3.0,3,3,3,4,3,3,3,3,3,3,3,3,3,0.0,3,4,4,6,6,6,6,5,5,5,5,5,6,5,6,6,6,6,3,3,3,1.0,1.0,1.0,0.0,1.0,1.0,1.0,1.0,1.0,1.0,1.0,1.0,1.0,1.0,1.0,1.0,1.0,1.0,1.0,2.0,1.0,1,1,1,1,1,1,1,1,1,1,0,0,0,0,0,0,0,0,0
BAYSIDE,0.0,1.0,1.0,1.0,1.0,1.0,1.0,2.0,2.0,2.0,2.0,2.0,2.0,1.0,0.0,1.0,1.0,1.0,2.0,2.0,2.0,2.0,1.0,2.0,2.0,3.0,4.0,3.0,4.0,5.0,5,4,5,5,7.0,9,14,15,16,18,23,26,30,30,30,31,37,41,44.0,46,46,85,98,100,105,109,106,104,110,112,110,101,103,110,107,106,105,92,89,81,82.0,79.0,80.0,89.0,78.0,69.0,71.0,72.0,66.0,65.0,68.0,66.0,64.0,62.0,60.0,59.0,56.0,52.0,53.0,32.0,31.0,27,21,21,20,19,17,15,15,16,11,9,6,5,1,1,1,1,1,1
BENALLA,0.0,0.0,0.0,0.0,0.0,0.0,0.0,0.0,0.0,0.0,0.0,0.0,0.0,0.0,0.0,0.0,0.0,0.0,0.0,0.0,0.0,0.0,0.0,0.0,0.0,0.0,0.0,0.0,0.0,0.0,0,0,0,0,0.0,0,0,0,0,0,0,0,0,0,0,0,0,0,0.0,0,0,0,0,0,0,0,0,0,0,0,0,0,0,0,0,0,0,0,0,0,0.0,0.0,0.0,0.0,0.0,0.0,0.0,0.0,0.0,0.0,0.0,0.0,0.0,0.0,0.0,0.0,0.0,0.0,0.0,0.0,0.0,0,0,0,0,0,0,0,0,0,0,0,0,0,0,0,0,0,0,0
BOROONDARA,1.0,1.0,1.0,0.0,0.0,1.0,2.0,2.0,2.0,2.0,2.0,1.0,1.0,0.0,0.0,0.0,1.0,2.0,2.0,2.0,4.0,4.0,7.0,8.0,8.0,9.0,12.0,12.0,17.0,18.0,23,23,26,31,32.0,35,38,43,46,49,50,52,52,57,58,51,55,60,60.0,61,69,70,71,69,69,65,65,65,67,66,67,67,74,76,83,86,85,52,49,48,46.0,41.0,40.0,38.0,32.0,30.0,29.0,23.0,19.0,18.0,19.0,19.0,14.0,13.0,9.0,10.0,9.0,10.0,9.0,9.0,6.0,4,3,3,3,3,3,3,3,3,3,4,4,4,4,4,3,2,3,4
BRIMBANK,1.0,2.0,2.0,2.0,2.0,4.0,9.0,10.0,11.0,15.0,20.0,21.0,19.0,24.0,29.0,32.0,36.0,40.0,49.0,52.0,49.0,57.0,62.0,77.0,75.0,75.0,82.0,97.0,116.0,127.0,153,156,180,238,240.0,252,271,289,358,411,436,481,515,526,571,603,651,658,684.0,734,749,749,791,813,849,863,878,877,883,893,886,876,856,831,784,750,743,478,401,378,354.0,334.0,300.0,299.0,285.0,283.0,273.0,269.0,250.0,235.0,226.0,222.0,205.0,202.0,199.0,194.0,205.0,204.0,170.0,169.0,157.0,151,132,133,129,123,133,127,103,96,98,95,87,77,74,55,56,50,46,43
BULOKE,0.0,0.0,0.0,0.0,0.0,0.0,0.0,0.0,0.0,0.0,0.0,0.0,0.0,0.0,0.0,0.0,0.0,0.0,0.0,0.0,0.0,0.0,0.0,0.0,0.0,0.0,0.0,0.0,0.0,0.0,0,0,0,0,0.0,0,0,0,0,0,0,0,0,0,0,0,0,0,0.0,0,0,0,0,0,0,0,0,0,0,0,0,0,0,0,0,0,0,0,0,0,0.0,0.0,0.0,0.0,0.0,0.0,0.0,0.0,0.0,0.0,0.0,0.0,0.0,0.0,0.0,0.0,0.0,0.0,0.0,0.0,0.0,0,0,0,0,0,0,0,0,0,0,0,0,0,0,0,0,0,0,0
CAMPASPE,0.0,1.0,1.0,1.0,1.0,1.0,1.0,1.0,1.0,1.0,1.0,1.0,1.0,1.0,0.0,0.0,0.0,0.0,0.0,0.0,0.0,0.0,0.0,0.0,0.0,0.0,0.0,0.0,1.0,1.0,1,1,0,0,0.0,0,0,0,0,0,0,0,0,0,1,1,1,1,1.0,1,1,1,1,1,1,1,1,1,1,2,2,2,2,2,2,2,2,1,1,1,1.0,1.0,1.0,1.0,1.0,2.0,3.0,3.0,3.0,2.0,2.0,2.0,2.0,2.0,2.0,2.0,0.0,0.0,0.0,1.0,0.0,0,0,0,0,0,0,0,0,0,0,0,0,0,0,0,0,0,0,0
CARDINIA,1.0,3.0,4.0,4.0,5.0,6.0,6.0,6.0,5.0,5.0,5.0,5.0,5.0,5.0,5.0,1.0,1.0,0.0,0.0,0.0,0.0,0.0,0.0,0.0,0.0,0.0,1.0,3.0,4.0,4.0,8,11,10,12,13.0,15,17,18,19,21,23,24,23,27,28,25,35,34,36.0,39,47,52,55,60,66,74,76,77,85,91,92,99,98,96,95,94,85,50,43,42,33.0,30.0,33.0,34.0,34.0,31.0,31.0,28.0,26.0,28.0,27.0,26.0,25.0,29.0,27.0,21.0,22.0,16.0,15.0,15.0,12.0,10,10,9,9,8,8,8,7,7,5,4,3,2,2,1,0,0,0,0
CASEY,2.0,4.0,4.0,6.0,5.0,6.0,7.0,9.0,9.0,8.0,9.0,11.0,17.0,15.0,15.0,16.0,20.0,21.0,21.0,16.0,17.0,19.0,16.0,20.0,21.0,20.0,19.0,21.0,22.0,23.0,29,34,35,46,62.0,70,78,103,106,116,130,149,157,178,185,186,223,243,262.0,274,297,310,326,330,343,349,357,354,344,356,354,370,379,356,346,355,349,228,205,192,182.0,167.0,159.0,151.0,149.0,148.0,143.0,140.0,136.0,133.0,130.0,121.0,110.0,100.0,95.0,93.0,87.0,80.0,73.0,72.0,78.0,81,84,83,78,79,74,67,61,55,45,35,33,30,17,11,12,12,10,13
CENTRAL GOLDFIELDS,0.0,0.0,0.0,0.0,0.0,0.0,0.0,0.0,0.0,0.0,0.0,0.0,0.0,0.0,0.0,0.0,0.0,0.0,0.0,0.0,0.0,0.0,0.0,0.0,0.0,0.0,0.0,0.0,0.0,0.0,0,0,0,0,0.0,0,0,0,0,0,0,0,0,0,0,0,0,0,0.0,0,0,0,0,0,0,0,0,0,1,1,1,1,1,1,1,1,1,1,1,1,1.0,1.0,1.0,1.0,1.0,1.0,1.0,1.0,1.0,1.0,0.0,0.0,0.0,0.0,0.0,0.0,0.0,0.0,0.0,0.0,0.0,0,0,0,0,0,0,0,0,0,0,0,0,0,0,0,0,0,0,0
COLAC OTWAY,0.0,0.0,0.0,0.0,0.0,0.0,0.0,0.0,0.0,0.0,0.0,0.0,0.0,0.0,0.0,0.0,0.0,0.0,0.0,0.0,0.0,0.0,0.0,0.0,0.0,0.0,0.0,0.0,0.0,0.0,0,0,0,0,2.0,5,12,27,26,26,43,46,47,50,54,54,76,78,76.0,88,89,87,91,92,92,92,89,87,85,74,61,59,55,48,42,39,36,15,12,13,12.0,11.0,8.0,9.0,9.0,9.0,9.0,10.0,11.0,11.0,12.0,17.0,22.0,23.0,24.0,25.0,25.0,30.0,29.0,33.0,28.0,26,23,22,20,16,14,12,12,10,8,5,2,2,2,1,1,1,1,1
CORANGAMITE,0.0,0.0,0.0,0.0,0.0,0.0,0.0,0.0,0.0,0.0,0.0,0.0,0.0,0.0,0.0,0.0,0.0,0.0,0.0,0.0,0.0,0.0,0.0,0.0,0.0,0.0,0.0,0.0,0.0,0.0,0,0,0,0,0.0,0,0,1,0,1,1,0,0,0,0,0,1,0,0.0,0,0,0,0,0,0,0,0,0,0,0,0,0,0,0,0,0,0,0,0,0,0.0,0.0,0.0,0.0,0.0,0.0,0.0,0.0,0.0,0.0,1.0,1.0,1.0,1.0,1.0,1.0,1.0,1.0,1.0,0.0,0.0,0,0,0,0,0,0,0,0,0,0,0,0,0,0,0,0,0,0,0
DAREBIN,1.0,1.0,1.0,1.0,4.0,4.0,4.0,3.0,4.0,4.0,4.0,3.0,2.0,4.0,6.0,8.0,7.0,7.0,8.0,7.0,10.0,11.0,14.0,16.0,15.0,19.0,25.0,30.0,38.0,42.0,51,56,66,70,78.0,80,84,88,85,86,83,91,96,100,104,103,118,140,139.0,155,165,175,212,233,245,254,249,249,262,261,274,278,293,297,295,294,298,238,221,210,197.0,193.0,191.0,183.0,173.0,169.0,169.0,167.0,139.0,131.0,132.0,125.0,119.0,113.0,102.0,101.0,90.0,79.0,73.0,68.0,60.0,48,47,45,41,41,39,16,14,13,15,13,11,10,10,8,8,8,8,7
EAST GIPPSLAND,0.0,0.0,0.0,0.0,0.0,0.0,0.0,0.0,0.0,0.0,0.0,0.0,0.0,0.0,0.0,0.0,0.0,0.0,0.0,1.0,1.0,1.0,1.0,1.0,1.0,1.0,1.0,1.0,1.0,1.0,1,1,1,1,1.0,1,1,1,1,1,1,1,1,1,1,1,1,1,1.0,1,1,1,1,2,2,2,2,2,2,2,1,1,1,1,1,0,0,0,0,1,1.0,3.0,3.0,3.0,3.0,3.0,2.0,2.0,2.0,2.0,2.0,2.0,2.0,2.0,2.0,2.0,2.0,2.0,1.0,1.0,1.0,1,1,1,0,0,0,0,0,0,0,0,0,1,1,1,1,1,1,1
FRANKSTON,0.0,0.0,0.0,0.0,0.0,0.0,0.0,0.0,0.0,0.0,0.0,0.0,0.0,1.0,1.0,1.0,1.0,1.0,1.0,1.0,2.0,2.0,2.0,1.0,2.0,3.0,2.0,3.0,3.0,3.0,3,3,5,6,6.0,9,12,12,13,15,18,18,28,30,29,31,38,47,47.0,42,50,54,57,64,66,65,68,70,70,71,77,81,81,81,89,95,94,77,75,74,69.0,66.0,62.0,57.0,56.0,53.0,46.0,41.0,36.0,36.0,29.0,26.0,21.0,23.0,21.0,20.0,16.0,15.0,15.0,14.0,14.0,13,12,9,8,8,7,2,2,3,2,3,3,4,4,9,9,9,9,9
GANNAWARRA,0.0,0.0,0.0,0.0,0.0,0.0,0.0,0.0,0.0,0.0,0.0,0.0,0.0,0.0,0.0,0.0,0.0,0.0,0.0,0.0,0.0,0.0,0.0,0.0,0.0,0.0,0.0,0.0,0.0,0.0,0,0,0,0,0.0,0,0,0,0,0,0,0,0,0,0,0,0,0,0.0,0,0,0,0,0,0,0,0,0,0,0,0,0,0,0,0,0,0,0,0,0,0.0,0.0,0.0,0.0,0.0,0.0,0.0,0.0,0.0,0.0,0.0,0.0,0.0,0.0,0.0,0.0,0.0,0.0,0.0,0.0,0.0,0,0,0,0,0,0,0,0,0,0,0,0,0,0,0,0,0,0,0
GLEN EIRA,1.0,1.0,0.0,1.0,1.0,1.0,2.0,2.0,2.0,3.0,3.0,3.0,3.0,5.0,4.0,5.0,5.0,6.0,4.0,3.0,3.0,3.0,2.0,0.0,1.0,2.0,3.0,3.0,3.0,4.0,6,9,11,13,15.0,17,17,18,21,24,27,28,31,35,38,40,45,52,54.0,58,62,66,75,74,72,69,66,65,67,66,68,65,66,65,67,67,64,43,40,37,30.0,21.0,26.0,24.0,20.0,18.0,20.0,20.0,20.0,20.0,14.0,14.0,13.0,14.0,14.0,16.0,15.0,17.0,17.0,15.0,12.0,12,11,12,12,12,13,11,9,3,3,1,1,0,0,0,1,1,1,2
GLENELG,0.0,0.0,0.0,0.0,0.0,0.0,0.0,0.0,0.0,0.0,0.0,0.0,0.0,0.0,0.0,0.0,0.0,0.0,0.0,0.0,0.0,0.0,0.0,0.0,0.0,0.0,0.0,0.0,0.0,0.0,0,0,0,0,1.0,2,2,3,3,3,3,5,6,6,6,6,13,13,12.0,11,13,13,13,14,13,15,15,16,12,11,5,7,7,7,5,5,5,5,4,4,2.0,2.0,0.0,0.0,0.0,0.0,0.0,0.0,0.0,0.0,0.0,0.0,0.0,0.0,0.0,0.0,0.0,0.0,0.0,0.0,0.0,0,0,0,0,0,0,0,0,0,0,0,0,0,0,0,0,0,0,0
GOLDEN PLAINS,0.0,0.0,0.0,0.0,0.0,0.0,0.0,0.0,0.0,0.0,0.0,0.0,0.0,0.0,0.0,0.0,0.0,0.0,0.0,0.0,0.0,1.0,0.0,0.0,0.0,0.0,0.0,1.0,0.0,0.0,3,3,4,4,4.0,4,5,8,8,8,6,6,5,5,6,8,8,8,10.0,10,10,10,12,12,13,13,13,11,11,11,11,11,11,7,4,3,3,1,1,1,1.0,0.0,0.0,0.0,0.0,0.0,0.0,0.0,0.0,0.0,0.0,0.0,0.0,0.0,0.0,0.0,0.0,0.0,0.0,0.0,0.0,0,0,0,0,0,0,0,0,0,0,0,0,0,0,0,0,0,0,0
GREATER BENDIGO,0.0,0.0,0.0,0.0,0.0,0.0,0.0,0.0,0.0,0.0,0.0,0.0,0.0,0.0,1.0,1.0,1.0,2.0,2.0,1.0,1.0,1.0,1.0,1.0,1.0,4.0,3.0,3.0,3.0,4.0,4,3,3,3,4.0,4,4,4,4,4,4,4,6,8,11,11,18,19,19.0,22,26,25,29,39,48,53,56,57,54,53,52,56,54,49,47,44,38,27,25,25,24.0,24.0,23.0,23.0,16.0,15.0,16.0,10.0,9.0,8.0,8.0,9.0,7.0,6.0,4.0,4.0,2.0,2.0,2.0,2.0,2.0,1,1,1,1,1,1,1,1,1,1,1,1,0,0,0,0,0,0,0
GREATER DANDENONG,2.0,3.0,4.0,3.0,2.0,2.0,3.0,3.0,3.0,4.0,4.0,5.0,5.0,5.0,5.0,5.0,5.0,3.0,3.0,3.0,3.0,3.0,3.0,3.0,4.0,3.0,3.0,4.0,4.0,3.0,5,11,10,18,21.0,33,37,44,54,63,70,84,87,99,124,130,144,156,161.0,176,183,186,193,200,202,209,205,196,201,197,198,206,208,204,211,206,200,141,125,130,122.0,112.0,117.0,117.0,110.0,115.0,105.0,110.0,101.0,97.0,92.0,85.0,72.0,58.0,53.0,54.0,52.0,53.0,49.0,46.0,43.0,42,42,40,36,35,27,22,19,15,13,15,14,17,18,14,12,12,10,10
GREATER GEELONG,1.0,1.0,1.0,0.0,0.0,0.0,0.0,0.0,0.0,0.0,0.0,0.0,0.0,0.0,1.0,1.0,1.0,1.0,2.0,1.0,1.0,0.0,0.0,2.0,2.0,6.0,5.0,5.0,5.0,5.0,6,7,7,8,6.0,11,13,18,18,23,29,29,31,31,35,44,59,73,88.0,98,106,120,132,131,150,154,164,168,180,179,172,167,169,158,155,159,151,118,109,98,90.0,88.0,74.0,66.0,71.0,65.0,59.0,55.0,50.0,50.0,40.0,38.0,38.0,21.0,19.0,16.0,16.0,15.0,11.0,10.0,7.0,7,6,4,3,3,3,3,2,2,2,2,1,1,1,1,1,0,0,0
GREATER SHEPPARTON,0.0,0.0,0.0,0.0,0.0,0.0,0.0,0.0,0.0,0.0,0.0,0.0,0.0,0.0,0.0,0.0,0.0,0.0,0.0,0.0,1.0,1.0,1.0,1.0,1.0,1.0,0.0,1.0,2.0,3.0,2,1,1,1,2.0,2,2,2,2,2,1,1,1,0,0,0,0,1,1.0,1,1,1,1,1,4,7,8,9,12,15,18,18,18,20,20,19,19,16,18,17,16.0,17.0,17.0,15.0,15.0,15.0,15.0,15.0,9.0,5.0,5.0,5.0,5.0,4.0,3.0,3.0,2.0,1.0,1.0,1.0,1.0,1,1,2,1,0,0,0,0,0,0,0,0,0,0,0,0,0,0,0
HEPBURN,0.0,0.0,0.0,0.0,0.0,0.0,0.0,0.0,0.0,0.0,0.0,0.0,0.0,0.0,0.0,0.0,0.0,0.0,0.0,0.0,0.0,0.0,0.0,0.0,0.0,0.0,0.0,0.0,0.0,0.0,0,0,0,0,0.0,0,0,0,0,0,0,0,0,0,0,0,0,0,0.0,0,2,2,1,1,1,0,0,0,0,0,0,0,0,0,0,0,0,0,0,0,0.0,0.0,0.0,0.0,0.0,0.0,0.0,0.0,0.0,0.0,0.0,0.0,0.0,0.0,0.0,0.0,0.0,0.0,0.0,0.0,0.0,0,0,0,0,0,0,0,0,0,0,0,0,0,0,0,0,0,0,0
HINDMARSH,0.0,0.0,0.0,0.0,0.0,0.0,0.0,0.0,0.0,0.0,0.0,0.0,0.0,0.0,0.0,0.0,0.0,0.0,0.0,0.0,0.0,0.0,0.0,0.0,0.0,0.0,0.0,0.0,0.0,0.0,0,0,0,0,0.0,0,0,0,0,0,0,0,0,0,0,0,0,0,0.0,0,0,0,0,0,0,0,0,0,0,0,0,0,0,0,0,0,0,0,0,0,0.0,0.0,0.0,0.0,0.0,0.0,0.0,0.0,0.0,0.0,0.0,0.0,0.0,0.0,0.0,0.0,0.0,0.0,0.0,0.0,0.0,0,0,0,0,0,0,0,0,0,0,0,0,0,0,0,0,0,0,0
HOBSONS BAY,0.0,0.0,0.0,0.0,0.0,0.0,0.0,0.0,0.0,0.0,0.0,0.0,1.0,1.0,2.0,2.0,2.0,4.0,5.0,5.0,11.0,11.0,13.0,17.0,19.0,15.0,21.0,18.0,23.0,26.0,32,39,47,53,59.0,59,58,65,65,67,64,73,76,72,80,78,79,81,90.0,102,102,109,118,132,131,139,145,160,157,154,167,175,174,176,172,175,176,141,130,133,129.0,121.0,117.0,109.0,109.0,98.0,90.0,82.0,76.0,70.0,82.0,76.0,68.0,68.0,68.0,62.0,64.0,64.0,65.0,54.0,55.0,49,45,41,44,40,42,41,40,35,34,33,35,34,31,32,27,24,21,12
HORSHAM,0.0,0.0,0.0,0.0,0.0,0.0,0.0,0.0,0.0,0.0,0.0,0.0,0.0,0.0,0.0,0.0,0.0,0.0,0.0,0.0,0.0,0.0,0.0,0.0,0.0,0.0,0.0,0.0,0.0,0.0,0,2,3,2,3.0,4,3,4,4,4,5,7,7,7,7,7,7,7,7.0,7,7,6,6,5,5,5,5,3,4,4,3,3,3,3,3,3,3,2,2,2,2.0,2.0,2.0,2.0,2.0,2.0,2.0,2.0,2.0,2.0,2.0,2.0,3.0,3.0,3.0,3.0,3.0,3.0,2.0,2.0,0.0,1,1,1,1,1,1,1,1,1,1,1,1,1,1,1,1,1,0,0
HUME,3.0,4.0,4.0,5.0,3.0,5.0,8.0,9.0,11.0,14.0,14.0,17.0,25.0,29.0,33.0,54.0,64.0,82.0,85.0,98.0,100.0,104.0,124.0,145.0,150.0,143.0,167.0,176.0,209.0,222.0,246,235,251,280,277.0,300,286,308,329,335,343,338,354,381,392,392,428,460,462.0,497,488,491,528,559,567,590,578,585,583,570,570,566,570,560,544,531,527,339,318,318,284.0,247.0,257.0,251.0,230.0,218.0,205.0,193.0,180.0,175.0,166.0,164.0,134.0,133.0,128.0,101.0,90.0,87.0,79.0,78.0,73.0,75,72,68,69,70,65,61,56,48,46,42,43,39,35,29,19,15,14,12
INDIGO,0.0,0.0,0.0,0.0,0.0,0.0,0.0,0.0,0.0,0.0,0.0,0.0,0.0,0.0,0.0,0.0,0.0,0.0,0.0,0.0,0.0,0.0,0.0,0.0,0.0,0.0,0.0,0.0,0.0,0.0,0,0,0,0,0.0,0,0,0,0,0,0,0,0,0,0,0,0,0,0.0,0,0,0,0,0,0,0,1,1,1,1,1,1,1,1,1,1,0,0,1,1,0.0,0.0,0.0,0.0,0.0,0.0,0.0,0.0,0.0,0.0,0.0,0.0,0.0,0.0,0.0,0.0,0.0,0.0,0.0,0.0,0.0,0,0,0,0,0,0,0,0,0,0,0,0,0,0,0,0,0,0,0
KINGSTON,1.0,0.0,0.0,0.0,0.0,0.0,0.0,0.0,0.0,2.0,2.0,2.0,2.0,2.0,4.0,7.0,5.0,4.0,4.0,4.0,3.0,2.0,2.0,1.0,2.0,3.0,3.0,4.0,5.0,5.0,5,7,11,13,14.0,14,20,26,33,33,38,42,46,55,57,56,57,55,52.0,59,67,80,83,89,92,95,97,104,118,123,123,121,123,132,132,129,136,111,106,106,92.0,81.0,78.0,69.0,69.0,69.0,71.0,67.0,63.0,63.0,64.0,53.0,53.0,49.0,48.0,44.0,43.0,42.0,38.0,29.0,26.0,23,19,18,20,13,13,11,9,5,5,5,3,3,3,3,2,2,3,3
KNOX,0.0,0.0,0.0,1.0,1.0,2.0,2.0,3.0,3.0,3.0,4.0,4.0,7.0,6.0,6.0,6.0,3.0,3.0,3.0,3.0,0.0,1.0,3.0,4.0,4.0,3.0,3.0,5.0,6.0,6.0,6,5,6,10,9.0,13,12,14,18,22,22,26,33,36,38,41,44,42,44.0,45,46,48,50,55,61,62,64,64,66,70,67,65,65,64,65,61,58,37,29,29,26.0,24.0,23.0,22.0,23.0,22.0,22.0,18.0,18.0,17.0,15.0,15.0,10.0,10.0,10.0,8.0,7.0,6.0,5.0,4.0,3.0,3,3,3,3,3,3,3,2,2,2,2,2,3,2,2,2,3,3,3
LATROBE,0.0,0.0,0.0,0.0,0.0,0.0,0.0,0.0,1.0,1.0,1.0,1.0,1.0,1.0,1.0,1.0,1.0,1.0,1.0,1.0,0.0,1.0,1.0,1.0,1.0,0.0,0.0,0.0,0.0,0.0,1,1,2,2,2.0,3,3,3,4,4,4,4,4,6,6,6,6,6,7.0,8,9,10,13,15,15,21,22,22,24,28,28,29,28,23,25,24,22,18,13,13,11.0,11.0,11.0,11.0,11.0,9.0,11.0,13.0,13.0,12.0,11.0,12.0,12.0,12.0,12.0,13.0,13.0,14.0,13.0,12.0,12.0,8,8,7,7,8,7,6,5,4,3,2,2,2,1,1,1,1,0,0
LODDON,0.0,0.0,0.0,0.0,0.0,0.0,0.0,0.0,0.0,0.0,0.0,0.0,0.0,0.0,0.0,0.0,0.0,0.0,0.0,0.0,0.0,0.0,0.0,0.0,0.0,0.0,0.0,0.0,0.0,0.0,0,0,0,0,0.0,0,1,1,1,1,1,1,2,2,2,2,2,3,3.0,3,3,3,3,3,2,2,2,2,1,1,1,0,0,0,0,0,0,0,0,0,0.0,0.0,0.0,0.0,0.0,0.0,0.0,0.0,0.0,0.0,0.0,0.0,0.0,0.0,0.0,0.0,0.0,0.0,0.0,0.0,0.0,0,0,0,0,0,0,0,0,0,0,0,0,0,0,0,0,0,0,0
MACEDON RANGES,0.0,0.0,0.0,1.0,1.0,0.0,0.0,0.0,0.0,0.0,0.0,0.0,0.0,0.0,0.0,0.0,0.0,0.0,0.0,0.0,0.0,0.0,0.0,0.0,0.0,0.0,0.0,0.0,1.0,1.0,1,3,3,3,4.0,4,5,4,4,5,6,8,8,10,12,11,14,19,20.0,19,28,30,36,36,35,29,25,27,27,27,29,31,32,32,29,27,28,20,16,15,15.0,14.0,14.0,14.0,8.0,8.0,8.0,8.0,8.0,7.0,5.0,3.0,3.0,3.0,3.0,1.0,1.0,1.0,1.0,1.0,0.0,1,1,1,1,1,1,2,2,2,2,2,2,2,2,2,2,1,0,0
MANNINGHAM,1.0,1.0,1.0,2.0,3.0,3.0,3.0,2.0,1.0,0.0,0.0,0.0,0.0,0.0,0.0,0.0,1.0,1.0,2.0,3.0,6.0,6.0,6.0,8.0,11.0,10.0,15.0,14.0,16.0,17.0,24,26,30,32,32.0,36,36,39,39,39,36,40,38,38,40,38,41,44,43.0,52,52,59,63,66,68,72,71,70,68,68,69,65,62,58,57,58,57,36,33,30,30.0,28.0,28.0,25.0,23.0,23.0,21.0,20.0,20.0,19.0,17.0,12.0,9.0,9.0,8.0,8.0,8.0,7.0,6.0,6.0,4.0,4,6,6,6,6,7,6,6,5,3,5,4,4,4,4,4,4,4,4
MANSFIELD,0.0,0.0,0.0,0.0,0.0,0.0,0.0,0.0,0.0,0.0,0.0,0.0,0.0,0.0,0.0,0.0,0.0,0.0,0.0,0.0,0.0,0.0,0.0,0.0,0.0,0.0,0.0,0.0,0.0,0.0,0,0,0,0,0.0,0,0,1,1,0,0,1,1,0,1,1,2,2,4.0,4,4,4,4,4,4,5,5,5,5,5,5,5,4,3,3,3,3,1,1,1,1.0,1.0,1.0,1.0,1.0,0.0,0.0,1.0,1.0,1.0,1.0,1.0,1.0,1.0,1.0,1.0,1.0,1.0,0.0,0.0,0.0,0,0,0,0,0,0,0,0,0,0,0,0,0,0,0,0,0,0,0
MARIBYRNONG,0.0,0.0,0.0,0.0,1.0,2.0,3.0,5.0,7.0,6.0,4.0,5.0,5.0,6.0,8.0,9.0,10.0,9.0,10.0,12.0,16.0,16.0,16.0,21.0,24.0,28.0,30.0,35.0,46.0,43.0,52,59,64,68,73.0,82,90,95,103,107,107,117,128,131,143,149,163,179,189.0,197,191,206,234,231,232,256,263,267,271,257,256,253,244,234,230,214,207,130,121,120,113.0,115.0,113.0,104.0,94.0,97.0,83.0,82.0,70.0,69.0,66.0,61.0,64.0,60.0,55.0,55.0,50.0,46.0,42.0,19.0,15.0,13,14,15,17,15,16,17,16,13,16,16,16,13,13,13,12,11,9,11
MAROONDAH,2.0,2.0,2.0,2.0,3.0,3.0,3.0,3.0,3.0,3.0,2.0,2.0,2.0,0.0,0.0,0.0,0.0,0.0,0.0,0.0,1.0,1.0,3.0,3.0,3.0,4.0,4.0,5.0,7.0,7.0,8,8,9,10,10.0,12,12,13,15,17,18,20,24,31,33,38,42,43,46.0,47,47,48,48,47,47,44,44,40,40,42,44,48,47,43,41,38,36,24,21,22,19.0,18.0,19.0,16.0,16.0,16.0,17.0,15.0,13.0,12.0,12.0,12.0,13.0,12.0,11.0,11.0,10.0,6.0,5.0,5.0,4.0,4,4,3,2,2,2,2,2,2,2,2,1,1,1,1,0,0,0,0
MELBOURNE,8.0,9.0,8.0,10.0,21.0,20.0,23.0,23.0,26.0,20.0,20.0,9.0,8.0,7.0,11.0,11.0,12.0,20.0,29.0,32.0,43.0,51.0,82.0,97.0,108.0,128.0,226.0,203.0,229.0,217.0,211,209,225,264,289.0,299,274,272,275,276,263,281,279,291,287,276,290,279,280.0,292,300,298,299,294,295,296,310,311,313,304,305,304,300,290,288,278,274,156,139,134,137.0,119.0,114.0,108.0,101.0,98.0,104.0,103.0,97.0,99.0,92.0,78.0,79.0,81.0,80.0,77.0,72.0,74.0,73.0,70.0,63.0,59,40,39,38,35,35,30,28,25,26,23,21,20,19,16,16,11,9,9
MELTON,0.0,0.0,0.0,0.0,1.0,1.0,1.0,2.0,3.0,4.0,5.0,5.0,4.0,5.0,7.0,12.0,13.0,14.0,19.0,20.0,18.0,16.0,17.0,20.0,21.0,19.0,24.0,28.0,34.0,51.0,58,69,82,106,110.0,124,125,135,147,165,169,195,211,230,245,253,312,340,351.0,390,399,404,434,449,484,488,466,482,489,501,504,505,515,506,480,467,459,307,275,269,239.0,209.0,203.0,194.0,180.0,164.0,159.0,147.0,142.0,136.0,131.0,132.0,121.0,120.0,113.0,112.0,111.0,105.0,99.0,93.0,92.0,94,94,83,80,75,74,72,70,64,62,43,45,38,37,31,24,17,19,18
MILDURA,0.0,0.0,0.0,0.0,0.0,0.0,0.0,0.0,0.0,0.0,0.0,0.0,0.0,0.0,0.0,0.0,0.0,0.0,0.0,0.0,0.0,0.0,0.0,0.0,0.0,0.0,0.0,0.0,0.0,0.0,0,0,0,0,0.0,0,0,0,0,0,0,0,0,0,0,0,0,0,0.0,0,0,0,1,1,1,1,1,1,1,1,1,1,1,1,1,1,1,1,1,1,1.0,1.0,1.0,0.0,0.0,0.0,0.0,0.0,0.0,0.0,0.0,0.0,0.0,0.0,0.0,0.0,0.0,0.0,0.0,0.0,0.0,0,0,0,0,0,0,0,0,0,0,0,0,0,0,0,0,0,0,0
MITCHELL,0.0,0.0,0.0,0.0,0.0,0.0,0.0,0.0,0.0,0.0,0.0,0.0,0.0,4.0,2.0,2.0,4.0,5.0,5.0,6.0,6.0,6.0,8.0,7.0,8.0,6.0,9.0,12.0,11.0,12.0,12,14,15,16,18.0,14,13,14,13,11,11,9,11,13,15,14,18,20,22.0,27,26,27,31,34,36,35,33,34,36,35,37,36,33,33,32,31,30,16,18,16,19.0,19.0,18.0,17.0,17.0,17.0,16.0,15.0,15.0,12.0,12.0,12.0,10.0,9.0,8.0,8.0,2.0,0.0,0.0,0.0,0.0,0,0,0,0,0,0,0,0,0,0,0,0,0,1,1,1,1,1,1
MOIRA,0.0,0.0,0.0,0.0,0.0,0.0,0.0,0.0,0.0,0.0,0.0,0.0,0.0,0.0,0.0,0.0,0.0,0.0,0.0,0.0,0.0,0.0,0.0,0.0,0.0,0.0,0.0,0.0,0.0,0.0,0,0,0,0,0.0,0,0,0,0,0,0,0,0,0,0,0,0,0,0.0,0,0,1,1,1,0,0,0,0,0,0,0,0,0,0,0,0,0,1,0,0,0.0,0.0,0.0,0.0,0.0,0.0,0.0,0.0,0.0,0.0,1.0,1.0,0.0,0.0,0.0,0.0,0.0,0.0,0.0,0.0,0.0,0,0,0,0,0,0,0,0,0,0,0,0,0,0,0,0,0,0,0
MONASH,2.0,2.0,2.0,2.0,2.0,2.0,2.0,2.0,2.0,0.0,0.0,1.0,1.0,0.0,0.0,0.0,0.0,0.0,1.0,1.0,2.0,3.0,3.0,8.0,12.0,12.0,16.0,19.0,21.0,22.0,21,23,26,26,30.0,31,33,37,40,41,43,49,53,55,59,63,65,67,72.0,79,84,79,85,86,94,95,97,91,89,85,85,81,83,76,77,76,82,60,55,54,52.0,45.0,47.0,45.0,48.0,49.0,50.0,48.0,48.0,47.0,47.0,46.0,37.0,38.0,38.0,36.0,36.0,30.0,25.0,10.0,10.0,9,10,11,10,7,6,4,3,2,2,1,2,1,2,2,2,4,6,7
MOONEE VALLEY,0.0,0.0,0.0,1.0,2.0,2.0,3.0,3.0,3.0,5.0,7.0,13.0,15.0,17.0,20.0,29.0,31.0,28.0,32.0,32.0,36.0,40.0,46.0,50.0,63.0,84.0,120.0,122.0,163.0,178.0,195,209,219,223,234.0,225,220,212,206,214,207,227,217,219,218,214,220,212,214.0,221,229,232,238,246,245,253,247,244,242,241,232,236,236,232,224,219,212,124,107,100,94.0,85.0,88.0,86.0,75.0,75.0,75.0,72.0,67.0,62.0,59.0,61.0,53.0,51.0,52.0,54.0,49.0,54.0,53.0,47.0,48.0,46,44,51,53,48,51,53,50,49,41,41,40,40,36,36,34,32,32,32
MOORABOOL,0.0,0.0,0.0,0.0,0.0,0.0,0.0,0.0,0.0,0.0,0.0,0.0,0.0,0.0,0.0,0.0,0.0,0.0,0.0,0.0,0.0,0.0,0.0,0.0,0.0,0.0,0.0,0.0,1.0,2.0,2,2,2,2,3.0,3,3,5,5,6,6,9,9,9,11,12,12,12,11.0,13,15,14,13,11,13,14,13,12,11,12,12,12,12,8,8,4,6,8,8,8,11.0,9.0,13.0,13.0,15.0,15.0,14.0,14.0,14.0,11.0,10.0,10.0,8.0,8.0,8.0,8.0,8.0,7.0,6.0,6.0,5.0,4,3,2,2,2,2,2,2,2,2,1,1,1,1,1,1,0,0,0
MORELAND,3.0,3.0,3.0,3.0,3.0,5.0,5.0,5.0,6.0,7.0,8.0,9.0,14.0,17.0,21.0,26.0,33.0,37.0,32.0,35.0,38.0,36.0,33.0,38.0,44.0,56.0,63.0,67.0,75.0,88.0,97,111,118,133,137.0,158,160,191,207,222,227,238,271,265,274,282,302,320,338.0,370,369,376,394,386,401,404,413,407,411,396,394,406,408,402,387,377,380,270,256,251,236.0,225.0,228.0,220.0,217.0,208.0,207.0,197.0,183.0,171.0,171.0,153.0,139.0,128.0,120.0,113.0,107.0,97.0,91.0,84.0,78.0,59,49,44,38,39,40,39,38,36,35,32,31,30,28,28,23,22,19,17
MORNINGTON PENINSULA,0.0,0.0,0.0,0.0,0.0,0.0,0.0,1.0,1.0,2.0,2.0,2.0,2.0,1.0,0.0,0.0,0.0,0.0,0.0,0.0,0.0,0.0,0.0,1.0,0.0,0.0,0.0,0.0,0.0,1.0,2,5,7,7,8.0,8,7,11,11,12,13,14,13,13,12,12,14,15,15.0,17,18,18,23,25,28,29,32,32,31,36,43,48,50,55,64,67,70,60,58,58,59.0,55.0,54.0,52.0,55.0,44.0,42.0,42.0,41.0,37.0,37.0,35.0,26.0,24.0,18.0,18.0,16.0,10.0,8.0,6.0,4.0,4,3,3,2,2,2,2,1,0,0,0,0,1,1,1,1,1,1,1
MOUNT ALEXANDER,0.0,0.0,0.0,0.0,0.0,0.0,0.0,0.0,0.0,0.0,0.0,0.0,0.0,0.0,0.0,0.0,0.0,0.0,0.0,0.0,0.0,0.0,0.0,0.0,0.0,0.0,0.0,0.0,0.0,0.0,0,0,0,0,0.0,0,0,0,0,0,1,1,1,1,1,2,2,3,3.0,3,4,4,4,5,5,3,3,3,3,2,2,2,2,2,1,1,1,0,0,0,0.0,0.0,0.0,0.0,0.0,0.0,0.0,0.0,0.0,0.0,0.0,0.0,0.0,0.0,0.0,0.0,0.0,0.0,0.0,0.0,0.0,0,0,0,0,0,0,0,0,0,0,0,0,0,0,0,0,0,0,0
MOYNE,0.0,0.0,0.0,0.0,0.0,0.0,0.0,0.0,0.0,0.0,0.0,0.0,0.0,0.0,0.0,0.0,0.0,0.0,0.0,0.0,0.0,0.0,0.0,0.0,0.0,0.0,0.0,0.0,0.0,0.0,0,0,0,0,0.0,0,0,0,0,0,0,0,0,0,0,0,0,0,0.0,0,1,1,1,1,1,1,1,1,1,1,1,1,1,1,1,1,1,0,0,0,0.0,0.0,0.0,0.0,0.0,0.0,0.0,0.0,0.0,0.0,0.0,0.0,0.0,0.0,0.0,0.0,0.0,0.0,0.0,0.0,0.0,0,0,0,0,0,0,0,0,0,0,0,0,0,0,0,0,0,0,0
MURRINDINDI,0.0,0.0,0.0,0.0,0.0,0.0,0.0,0.0,0.0,0.0,0.0,0.0,0.0,0.0,0.0,0.0,0.0,0.0,0.0,0.0,0.0,0.0,0.0,0.0,0.0,0.0,0.0,0.0,0.0,0.0,0,0,0,0,0.0,0,0,0,0,0,0,0,0,0,0,0,1,1,1.0,1,1,1,1,2,1,1,1,0,0,0,1,1,1,2,2,2,2,5,4,4,4.0,4.0,4.0,4.0,4.0,4.0,4.0,0.0,0.0,0.0,0.0,0.0,0.0,0.0,0.0,0.0,0.0,0.0,0.0,0.0,0.0,0,0,0,0,0,0,0,0,0,0,0,0,0,0,0,0,0,0,0
NILLUMBIK,1.0,1.0,1.0,1.0,1.0,1.0,1.0,1.0,0.0,0.0,1.0,1.0,1.0,1.0,1.0,1.0,1.0,1.0,1.0,1.0,1.0,1.0,1.0,1.0,1.0,1.0,1.0,2.0,3.0,4.0,8,10,13,11,10.0,10,11,11,21,22,22,24,34,38,40,39,41,45,51.0,53,60,59,65,69,67,67,68,65,65,64,63,61,60,56,56,54,54,46,44,46,43.0,39.0,39.0,37.0,36.0,36.0,34.0,14.0,11.0,8.0,6.0,5.0,3.0,4.0,4.0,6.0,6.0,6.0,5.0,4.0,4.0,4,5,5,2,2,2,2,2,2,2,2,3,3,3,2,2,2,2,2
NORTHERN GRAMPIANS,0.0,0.0,0.0,0.0,0.0,0.0,0.0,0.0,0.0,0.0,0.0,0.0,0.0,0.0,0.0,0.0,0.0,0.0,0.0,0.0,0.0,0.0,0.0,0.0,0.0,0.0,0.0,0.0,0.0,0.0,0,0,1,0,0.0,0,0,0,0,0,0,0,0,0,1,1,2,1,1.0,2,2,2,1,0,1,1,1,1,1,1,1,1,1,1,0,0,0,0,0,0,0.0,0.0,0.0,0.0,0.0,0.0,0.0,0.0,0.0,0.0,0.0,0.0,0.0,0.0,0.0,0.0,0.0,0.0,0.0,0.0,0.0,0,0,0,0,0,0,0,0,0,0,0,0,0,0,0,0,0,0,0
PORT PHILLIP,0.0,0.0,0.0,0.0,0.0,0.0,0.0,0.0,1.0,1.0,1.0,2.0,2.0,2.0,2.0,4.0,3.0,4.0,5.0,4.0,7.0,8.0,9.0,12.0,10.0,8.0,10.0,10.0,16.0,19.0,17,20,18,25,28.0,27,32,34,35,37,35,42,44,46,47,48,46,50,50.0,52,53,57,66,68,66,71,74,77,77,75,76,79,75,83,78,77,75,50,52,53,53.0,40.0,43.0,44.0,46.0,42.0,41.0,38.0,33.0,34.0,31.0,35.0,34.0,36.0,35.0,31.0,30.0,33.0,34.0,34.0,31.0,29,27,27,24,24,25,23,23,18,17,9,9,8,7,6,5,5,3,3
PYRENEES,0.0,0.0,0.0,0.0,0.0,0.0,0.0,0.0,0.0,0.0,0.0,0.0,0.0,0.0,0.0,0.0,0.0,0.0,0.0,0.0,0.0,0.0,0.0,0.0,0.0,0.0,0.0,0.0,0.0,0.0,0,0,0,0,0.0,0,0,0,0,0,0,0,0,0,0,0,0,0,0.0,1,1,2,1,1,1,2,2,2,2,2,2,1,0,0,0,0,0,0,0,0,0.0,0.0,0.0,1.0,1.0,1.0,1.0,1.0,1.0,1.0,1.0,1.0,1.0,1.0,1.0,1.0,1.0,1.0,1.0,1.0,0.0,0,0,0,0,0,0,0,0,0,0,0,0,0,0,0,0,0,0,0
QUEENSCLIFFE,0.0,0.0,0.0,0.0,0.0,0.0,0.0,0.0,0.0,0.0,0.0,0.0,0.0,0.0,0.0,0.0,0.0,0.0,0.0,0.0,0.0,0.0,0.0,0.0,0.0,0.0,0.0,0.0,0.0,0.0,0,0,0,0,0.0,0,0,0,0,0,0,0,0,0,0,0,0,0,0.0,1,1,1,1,1,1,0,0,0,0,0,0,0,0,0,0,0,0,0,0,0,0.0,0.0,0.0,0.0,0.0,0.0,0.0,0.0,0.0,0.0,0.0,0.0,0.0,0.0,0.0,0.0,0.0,0.0,0.0,0.0,0.0,0,0,0,0,0,0,0,0,0,0,0,0,0,0,0,0,0,0,0
SOUTH GIPPSLAND,0.0,0.0,0.0,0.0,0.0,0.0,0.0,0.0,0.0,0.0,0.0,0.0,0.0,0.0,0.0,0.0,0.0,0.0,0.0,0.0,0.0,0.0,0.0,0.0,0.0,0.0,1.0,1.0,1.0,1.0,2,2,3,2,2.0,2,3,3,3,3,4,4,4,4,4,3,3,3,4.0,5,5,6,5,5,5,5,5,5,4,4,4,4,4,4,4,4,4,1,1,1,0.0,0.0,0.0,0.0,0.0,0.0,0.0,0.0,0.0,0.0,0.0,0.0,0.0,0.0,1.0,1.0,1.0,1.0,1.0,1.0,0.0,0,0,0,0,0,0,0,0,0,0,0,0,0,0,0,0,0,0,0
SOUTHERN GRAMPIANS,0.0,0.0,0.0,0.0,0.0,0.0,0.0,0.0,0.0,0.0,0.0,0.0,0.0,0.0,0.0,0.0,0.0,0.0,0.0,0.0,0.0,0.0,0.0,0.0,0.0,0.0,0.0,0.0,0.0,0.0,0,0,0,0,0.0,0,0,0,0,0,0,0,0,0,1,1,1,1,1.0,1,1,1,1,1,1,1,0,0,0,0,0,0,0,0,0,0,0,0,0,0,0.0,0.0,0.0,0.0,0.0,0.0,0.0,0.0,0.0,0.0,0.0,0.0,0.0,0.0,0.0,0.0,0.0,0.0,0.0,0.0,0.0,0,0,0,0,0,0,0,0,0,0,0,0,0,0,0,0,0,0,0
STONNINGTON,1.0,1.0,1.0,1.0,2.0,2.0,2.0,1.0,1.0,1.0,1.0,1.0,1.0,0.0,2.0,4.0,4.0,5.0,6.0,7.0,7.0,7.0,6.0,6.0,10.0,11.0,12.0,14.0,15.0,18.0,20,21,25,32,33.0,35,35,38,35,35,36,39,40,43,49,43,51,53,57.0,54,53,53,59,61,62,60,62,64,71,74,75,72,70,65,60,57,47,29,28,31,26.0,22.0,23.0,22.0,23.0,22.0,21.0,19.0,16.0,16.0,13.0,10.0,9.0,8.0,10.0,10.0,9.0,11.0,11.0,11.0,11.0,10,10,9,9,7,6,6,6,5,5,3,1,1,1,1,1,1,3,2
STRATHBOGIE,0.0,0.0,0.0,0.0,0.0,0.0,0.0,0.0,0.0,0.0,0.0,0.0,0.0,0.0,0.0,0.0,0.0,0.0,0.0,0.0,0.0,0.0,0.0,0.0,0.0,0.0,0.0,0.0,0.0,0.0,0,0,0,0,0.0,0,0,0,0,0,0,0,0,0,0,0,0,0,0.0,0,0,0,0,0,0,0,0,0,0,0,0,0,0,0,0,0,0,0,0,0,0.0,0.0,0.0,0.0,0.0,0.0,0.0,0.0,0.0,0.0,0.0,0.0,0.0,0.0,0.0,0.0,0.0,0.0,0.0,0.0,0.0,0,0,0,0,0,0,0,0,0,0,0,0,0,0,0,0,0,0,0
SURF COAST,0.0,0.0,0.0,1.0,0.0,0.0,0.0,0.0,0.0,0.0,0.0,0.0,0.0,0.0,0.0,0.0,0.0,0.0,0.0,0.0,0.0,0.0,0.0,0.0,1.0,1.0,1.0,1.0,1.0,1.0,1,1,1,1,1.0,1,1,4,2,4,4,4,4,4,3,3,4,4,4.0,4,4,5,6,6,6,6,6,6,6,6,5,5,6,5,5,5,6,4,4,4,5.0,5.0,5.0,5.0,5.0,4.0,3.0,3.0,3.0,3.0,3.0,2.0,2.0,1.0,1.0,1.0,1.0,1.0,1.0,0.0,0.0,0,0,0,0,0,0,0,0,0,0,0,0,0,0,0,0,0,0,0
SWAN HILL,0.0,0.0,0.0,0.0,0.0,0.0,0.0,0.0,0.0,1.0,1.0,1.0,1.0,1.0,1.0,1.0,1.0,1.0,0.0,0.0,0.0,0.0,0.0,0.0,0.0,0.0,0.0,0.0,1.0,1.0,1,1,1,1,1.0,1,1,1,2,2,2,2,2,2,2,2,2,2,2.0,2,2,2,2,2,1,1,1,1,1,1,0,0,0,0,0,0,0,0,0,0,0.0,0.0,0.0,0.0,0.0,0.0,0.0,0.0,0.0,0.0,0.0,0.0,0.0,0.0,0.0,0.0,0.0,0.0,0.0,0.0,0.0,0,0,0,0,0,0,0,0,0,0,0,0,0,0,0,0,0,0,0
TOWONG,0.0,0.0,0.0,0.0,0.0,0.0,0.0,0.0,0.0,0.0,0.0,0.0,0.0,0.0,0.0,0.0,0.0,0.0,0.0,0.0,0.0,0.0,0.0,0.0,0.0,0.0,0.0,0.0,0.0,0.0,0,0,0,0,0.0,0,0,0,0,0,0,0,0,0,0,0,0,0,0.0,0,0,0,0,0,0,0,0,0,0,0,0,0,0,0,0,0,0,0,0,0,0.0,0.0,0.0,0.0,0.0,0.0,0.0,0.0,0.0,0.0,0.0,0.0,0.0,0.0,0.0,0.0,0.0,0.0,0.0,0.0,0.0,0,0,0,0,0,0,0,0,0,0,0,0,0,0,0,0,0,0,0
WANGARATTA,0.0,0.0,0.0,0.0,0.0,0.0,0.0,0.0,0.0,0.0,0.0,0.0,0.0,0.0,0.0,0.0,0.0,0.0,0.0,0.0,0.0,0.0,0.0,0.0,0.0,0.0,0.0,0.0,0.0,0.0,0,0,0,0,0.0,0,0,0,0,1,0,0,0,0,0,0,0,0,0.0,0,0,0,0,0,0,0,0,0,0,0,0,0,0,0,0,0,0,0,0,0,0.0,0.0,0.0,0.0,0.0,0.0,0.0,0.0,0.0,0.0,0.0,0.0,0.0,0.0,0.0,0.0,0.0,0.0,0.0,0.0,0.0,0,0,0,0,0,0,0,0,0,0,0,0,0,0,0,0,0,0,0
WARRNAMBOOL,0.0,0.0,0.0,0.0,0.0,0.0,0.0,0.0,0.0,0.0,0.0,0.0,0.0,0.0,0.0,0.0,0.0,0.0,0.0,0.0,0.0,0.0,0.0,0.0,0.0,0.0,0.0,0.0,1.0,1.0,1,1,1,1,0.0,0,0,0,0,0,0,0,1,1,1,1,1,1,1.0,1,1,1,1,1,0,0,0,0,0,0,1,0,1,1,5,7,8,8,7,7,7.0,7.0,7.0,6.0,6.0,5.0,3.0,3.0,2.0,2.0,2.0,2.0,2.0,2.0,2.0,1.0,1.0,1.0,1.0,1.0,1.0,1,1,1,0,0,0,0,0,0,0,0,0,0,0,0,0,0,0,0
WELLINGTON,0.0,0.0,0.0,0.0,0.0,0.0,0.0,0.0,0.0,0.0,0.0,0.0,0.0,0.0,0.0,0.0,0.0,0.0,0.0,0.0,0.0,0.0,0.0,0.0,0.0,0.0,0.0,0.0,0.0,0.0,0,0,0,0,0.0,0,0,0,0,0,0,0,0,0,0,0,0,0,0.0,0,0,0,0,0,0,0,0,0,0,0,0,0,0,0,0,0,1,2,3,3,3.0,3.0,3.0,3.0,3.0,3.0,2.0,2.0,2.0,2.0,1.0,1.0,1.0,0.0,0.0,0.0,0.0,0.0,0.0,0.0,0.0,0,0,0,0,0,0,0,0,0,0,0,0,0,0,0,0,0,0,0
WEST WIMMERA,0.0,0.0,0.0,0.0,0.0,0.0,0.0,0.0,0.0,0.0,0.0,0.0,0.0,0.0,0.0,0.0,0.0,0.0,0.0,0.0,0.0,0.0,0.0,0.0,0.0,0.0,0.0,0.0,0.0,0.0,0,0,0,0,0.0,0,0,0,0,0,0,0,0,0,1,1,1,1,1.0,1,1,1,2,2,2,2,2,2,2,2,2,2,2,2,2,2,2,0,0,0,0.0,0.0,0.0,0.0,0.0,0.0,0.0,0.0,0.0,0.0,0.0,0.0,0.0,0.0,0.0,0.0,0.0,0.0,0.0,0.0,0.0,0,0,0,0,0,0,0,0,0,0,0,0,0,0,0,0,0,0,0
WHITEHORSE,0.0,0.0,0.0,0.0,1.0,1.0,1.0,1.0,1.0,1.0,1.0,0.0,1.0,1.0,0.0,0.0,1.0,1.0,3.0,3.0,5.0,5.0,5.0,7.0,8.0,8.0,15.0,17.0,23.0,24.0,29,34,35,38,43.0,45,48,48,50,46,45,49,55,57,58,59,60,64,65.0,66,65,65,66,63,65,69,71,72,74,77,77,76,79,74,68,67,63,33,31,28,21.0,18.0,19.0,16.0,19.0,20.0,17.0,17.0,17.0,15.0,14.0,17.0,14.0,10.0,11.0,8.0,8.0,9.0,10.0,11.0,10.0,9,8,8,8,8,5,5,5,4,4,4,3,3,3,2,2,2,3,2
WHITTLESEA,0.0,0.0,0.0,0.0,0.0,0.0,2.0,5.0,6.0,8.0,9.0,14.0,14.0,15.0,16.0,16.0,19.0,21.0,21.0,22.0,28.0,30.0,31.0,36.0,39.0,42.0,42.0,44.0,52.0,64.0,70,71,83,109,126.0,148,155,166,190,213,228,245,262,327,334,352,392,435,437.0,455,452,464,509,518,526,557,560,563,545,548,553,540,542,529,507,482,476,330,295,278,252.0,235.0,236.0,215.0,201.0,178.0,176.0,153.0,142.0,141.0,130.0,109.0,93.0,90.0,79.0,74.0,65.0,60.0,56.0,47.0,45.0,35,35,33,32,31,27,23,23,15,13,14,15,15,13,13,10,9,8,8
WODONGA,0.0,0.0,0.0,0.0,0.0,0.0,0.0,0.0,0.0,0.0,0.0,0.0,0.0,0.0,0.0,0.0,0.0,0.0,0.0,0.0,0.0,0.0,1.0,1.0,1.0,1.0,0.0,0.0,0.0,0.0,0,0,0,0,0.0,0,0,0,0,0,0,0,0,1,1,1,1,1,1.0,1,1,1,1,1,1,1,1,1,1,1,1,1,0,0,0,0,0,0,0,0,0.0,0.0,0.0,0.0,0.0,0.0,0.0,0.0,0.0,0.0,0.0,0.0,0.0,0.0,0.0,0.0,0.0,0.0,0.0,0.0,0.0,0,0,0,0,0,0,0,0,0,0,0,0,1,0,0,0,0,0,0
WYNDHAM,0.0,2.0,2.0,1.0,1.0,1.0,1.0,1.0,2.0,2.0,2.0,1.0,2.0,4.0,5.0,8.0,12.0,17.0,22.0,28.0,45.0,60.0,86.0,105.0,120.0,133.0,151.0,175.0,196.0,209.0,231,249,265,299,308.0,340,350,370,412,439,460,474,476,519,535,532,601,671,676.0,728,744,766,860,906,910,920,942,941,915,929,913,917,916,888,864,831,811,544,467,458,406.0,380.0,369.0,354.0,319.0,311.0,309.0,303.0,286.0,276.0,263.0,270.0,234.0,218.0,215.0,204.0,203.0,209.0,173.0,157.0,153.0,147,144,144,133,132,122,112,87,76,71,68,69,54,55,56,54,53,48,44
YARRA,2.0,2.0,2.0,3.0,2.0,1.0,1.0,1.0,1.0,1.0,1.0,2.0,2.0,7.0,8.0,9.0,9.0,10.0,12.0,14.0,15.0,12.0,13.0,19.0,20.0,23.0,25.0,26.0,36.0,41.0,47,57,65,76,87.0,105,111,119,127,124,123,126,133,149,155,158,170,170,170.0,171,178,182,191,190,186,181,180,173,165,159,152,152,154,146,144,136,135,72,74,74,70.0,59.0,62.0,64.0,58.0,54.0,50.0,44.0,44.0,43.0,41.0,41.0,34.0,30.0,26.0,25.0,24.0,24.0,25.0,24.0,22.0,17,14,13,10,9,8,6,5,5,4,4,4,4,4,4,4,4,4,4
YARRA RANGES,0.0,0.0,0.0,0.0,0.0,0.0,0.0,0.0,0.0,0.0,0.0,1.0,1.0,1.0,1.0,1.0,0.0,0.0,1.0,1.0,1.0,1.0,2.0,2.0,4.0,4.0,4.0,5.0,4.0,4.0,5,5,5,6,6.0,7,9,8,11,16,20,26,37,80,83,80,90,108,112.0,127,132,129,132,140,140,136,135,136,137,131,133,131,123,116,116,108,98,84,80,78,78.0,71.0,61.0,45.0,41.0,35.0,33.0,29.0,22.0,20.0,19.0,18.0,15.0,15.0,14.0,15.0,9.0,9.0,9.0,9.0,9.0,8,7,5,5,4,4,4,3,3,3,2,2,2,2,2,2,2,2,2
YARRIAMBIACK,0.0,0.0,0.0,0.0,0.0,0.0,0.0,0.0,0.0,0.0,0.0,0.0,0.0,0.0,0.0,0.0,0.0,0.0,0.0,0.0,0.0,0.0,0.0,0.0,0.0,0.0,0.0,0.0,0.0,0.0,0,0,0,0,0.0,0,0,0,0,0,0,0,0,0,0,0,0,0,0.0,0,0,0,0,0,0,0,0,0,0,0,0,0,0,0,0,0,0,0,0,0,0.0,0.0,0.0,0.0,0.0,0.0,0.0,0.0,0.0,0.0,0.0,0.0,0.0,0.0,0.0,0.0,0.0,0.0,0.0,0.0,0.0,0,0,0,0,0,0,0,0,0,0,0,0,0,0,0,0,0,0,0
